{"cameraMode":{"drawMode":0,"name":"Shaded","section":"Shading Mode"},"sceneLighting":false,"audioPlay":false,"sceneViewState":{"showFog":true,"showMaterialUpdate":false,"showSkybox":true,"showFlares":true,"showImageEffects":true,"showParticleSystems":true},"in2DMode":false,"pivot":{"x":-0.03827476501464844,"y":1.0384891033172608,"z":0.05713033676147461},"rotation":{"x":-0.05003282055258751,"y":0.9328315258026123,"z":-0.14271068572998048,"w":-0.32704025506973269},"size":8.92180061340332,"orthographic":false}